entry_time,entry_price,entry_dir,entry_reason,exit_time,exit_price,raw_points,export_slippage_one_way_pts,export_slippage_round_trip_pts,export_net_points,export_net_pnl,points,pnl,exit_reason,cost_points,cost_cash
2020-03-04 15:30:00,11394.0,LONG,15:15訊號進場,2020-03-06 15:30:00,11253.0,-141.0,2.0,4.0,-145.0,-29000.0,-145.0,-29000.0,15:15訊號翻正_平倉,4.0,800.0
2020-03-13 15:30:00,10059.0,LONG,15:15訊號進場,2020-03-18 15:30:00,8639.0,-1420.0,2.0,4.0,-1424.0,-284800.0,-1424.0,-284800.0,15:15訊號翻正_平倉,4.0,800.0
2020-03-20 15:30:00,9179.0,LONG,15:15訊號進場,2020-03-22 15:30:00,9006.0,-173.0,2.0,4.0,-177.0,-35400.0,-177.0,-35400.0,15:15訊號翻正_平倉,4.0,800.0
2020-03-23 15:30:00,8716.0,LONG,15:15訊號進場,2020-03-26 15:30:00,9560.0,844.0,2.0,4.0,840.0,168000.0,840.0,168000.0,15:15訊號翻正_平倉,4.0,800.0
2020-03-31 15:30:00,9640.0,LONG,15:15訊號進場,2020-04-20 15:30:00,10425.0,785.0,2.0,4.0,781.0,156200.0,781.0,156200.0,15:15訊號翻正_平倉,4.0,800.0
2020-04-23 15:30:00,10274.0,LONG,15:15訊號進場,2020-04-28 15:30:00,10602.0,328.0,2.0,4.0,324.0,64800.0,324.0,64800.0,15:15訊號翻正_平倉,4.0,800.0
2020-04-29 15:30:00,10714.0,LONG,15:15訊號進場,2020-05-04 15:30:00,10613.0,-101.0,2.0,4.0,-105.0,-21000.0,-105.0,-21000.0,15:15訊號翻正_平倉,4.0,800.0
2020-05-13 15:30:00,10906.0,LONG,15:15訊號進場,2020-05-14 15:30:00,10762.0,-144.0,2.0,4.0,-148.0,-29600.0,-148.0,-29600.0,15:15訊號翻正_平倉,4.0,800.0
2020-05-15 15:30:00,10830.0,LONG,15:15訊號進場,2020-05-18 15:30:00,10775.0,-55.0,2.0,4.0,-59.0,-11800.0,-59.0,-11800.0,15:15訊號翻正_平倉,4.0,800.0
2020-05-19 15:30:00,10892.0,LONG,15:15訊號進場,2020-05-22 15:30:00,10714.0,-178.0,2.0,4.0,-182.0,-36400.0,-182.0,-36400.0,15:15訊號翻正_平倉,4.0,800.0
2020-05-26 15:30:00,10981.0,LONG,15:15訊號進場,2020-05-28 15:30:00,10931.0,-50.0,2.0,4.0,-54.0,-10800.0,-54.0,-10800.0,15:15訊號翻正_平倉,4.0,800.0
2020-05-29 15:30:00,10906.0,LONG,15:15訊號進場,2020-06-01 15:30:00,11066.0,160.0,2.0,4.0,156.0,31200.0,156.0,31200.0,15:15訊號翻正_平倉,4.0,800.0
2020-06-03 15:30:00,11294.0,LONG,15:15訊號進場,2020-06-04 15:30:00,11360.0,66.0,2.0,4.0,62.0,12400.0,62.0,12400.0,15:15訊號翻正_平倉,4.0,800.0
2020-06-17 15:30:00,11407.0,LONG,15:15訊號進場,2020-06-22 15:30:00,11434.0,27.0,2.0,4.0,23.0,4600.0,23.0,4600.0,15:15訊號翻正_平倉,4.0,800.0
2020-06-23 15:30:00,11496.0,LONG,15:15訊號進場,2020-06-29 15:30:00,11385.0,-111.0,2.0,4.0,-115.0,-23000.0,-115.0,-23000.0,15:15訊號翻正_平倉,4.0,800.0
2020-06-30 15:30:00,11456.0,LONG,15:15訊號進場,2020-07-17 15:30:00,12049.0,593.0,2.0,4.0,589.0,117800.0,589.0,117800.0,15:15訊號翻正_平倉,4.0,800.0
2020-07-20 15:30:00,12026.0,LONG,15:15訊號進場,2020-07-22 15:30:00,12326.0,300.0,2.0,4.0,296.0,59200.0,296.0,59200.0,15:15訊號翻正_平倉,4.0,800.0
2020-07-23 15:30:00,12305.0,LONG,15:15訊號進場,2020-08-19 15:30:00,12759.0,454.0,2.0,4.0,450.0,90000.0,450.0,90000.0,15:15訊號翻正_平倉,4.0,800.0
2020-08-21 15:30:00,12542.0,LONG,15:15訊號進場,2020-12-18 15:30:00,14143.0,1601.0,2.0,4.0,1597.0,319400.0,1597.0,319400.0,15:15訊號翻正_平倉,4.0,800.0
2020-12-21 15:30:00,14302.0,LONG,15:15訊號進場,2020-12-22 15:30:00,14092.0,-210.0,2.0,4.0,-214.0,-42800.0,-214.0,-42800.0,15:15訊號翻正_平倉,4.0,800.0
2020-12-25 15:30:00,14302.0,LONG,15:15訊號進場,2021-01-20 13:15:00,15767.0,1465.0,2.0,4.0,1461.0,292200.0,1461.0,292200.0,結算日13:15平倉,4.0,800.0
2021-01-21 15:30:00,16129.0,LONG,15:15訊號進場,2021-01-22 15:30:00,15883.0,-246.0,2.0,4.0,-250.0,-50000.0,-250.0,-50000.0,15:15訊號翻正_平倉,4.0,800.0
2021-01-26 15:30:00,15684.0,LONG,15:15訊號進場,2021-02-17 13:15:00,16315.0,631.0,2.0,4.0,627.0,125400.0,627.0,125400.0,結算日13:15平倉,4.0,800.0
2021-02-17 15:30:00,16371.0,LONG,15:15訊號進場,2021-02-18 15:30:00,16345.0,-26.0,2.0,4.0,-30.0,-6000.0,-30.0,-6000.0,15:15訊號翻正_平倉,4.0,800.0
2021-02-25 15:30:00,16359.0,LONG,15:15訊號進場,2021-02-26 15:30:00,15957.0,-402.0,2.0,4.0,-406.0,-81200.0,-406.0,-81200.0,15:15訊號翻正_平倉,4.0,800.0
2021-03-02 15:30:00,15932.0,LONG,15:15訊號進場,2021-03-17 13:15:00,16177.0,245.0,2.0,4.0,241.0,48200.0,241.0,48200.0,結算日13:15平倉,4.0,800.0
2021-03-26 15:30:00,16308.0,LONG,15:15訊號進場,2021-03-29 15:30:00,16447.0,139.0,2.0,4.0,135.0,27000.0,135.0,27000.0,15:15訊號翻正_平倉,4.0,800.0
2021-03-30 15:30:00,16535.0,LONG,15:15訊號進場,2021-03-31 15:30:00,16436.0,-99.0,2.0,4.0,-103.0,-20600.0,-103.0,-20600.0,15:15訊號翻正_平倉,4.0,800.0
2021-04-01 15:30:00,16572.0,LONG,15:15訊號進場,2021-04-09 15:30:00,16843.0,271.0,2.0,4.0,267.0,53400.0,267.0,53400.0,15:15訊號翻正_平倉,4.0,800.0
2021-04-14 15:30:00,16881.0,LONG,15:15訊號進場,2021-04-21 13:15:00,17232.0,351.0,2.0,4.0,347.0,69400.0,347.0,69400.0,結算日13:15平倉,4.0,800.0
2021-04-23 15:30:00,17274.0,LONG,15:15訊號進場,2021-04-28 15:30:00,17506.0,232.0,2.0,4.0,228.0,45600.0,228.0,45600.0,15:15訊號翻正_平倉,4.0,800.0
2021-04-29 15:30:00,17586.0,LONG,15:15訊號進場,2021-05-03 15:30:00,17284.0,-302.0,2.0,4.0,-306.0,-61200.0,-306.0,-61200.0,15:15訊號翻正_平倉,4.0,800.0
2021-05-06 15:30:00,17000.0,LONG,15:15訊號進場,2021-05-10 15:30:00,17153.0,153.0,2.0,4.0,149.0,29800.0,149.0,29800.0,15:15訊號翻正_平倉,4.0,800.0
2021-05-12 15:30:00,15805.0,LONG,15:15訊號進場,2021-05-19 13:15:00,16119.0,314.0,2.0,4.0,310.0,62000.0,310.0,62000.0,結算日13:15平倉,4.0,800.0
2021-05-19 15:30:00,15986.0,LONG,15:15訊號進場,2021-05-24 15:30:00,16335.0,349.0,2.0,4.0,345.0,69000.0,345.0,69000.0,15:15訊號翻正_平倉,4.0,800.0
2021-05-25 15:30:00,16612.0,LONG,15:15訊號進場,2021-05-26 15:30:00,16586.0,-26.0,2.0,4.0,-30.0,-6000.0,-30.0,-6000.0,15:15訊號翻正_平倉,4.0,800.0
2021-08-23 15:30:00,16641.0,LONG,15:15訊號進場,2021-08-24 15:30:00,16800.0,159.0,2.0,4.0,155.0,31000.0,155.0,31000.0,15:15訊號翻正_平倉,4.0,800.0
2021-08-25 15:30:00,16995.0,LONG,15:15訊號進場,2021-09-09 15:30:00,17274.0,279.0,2.0,4.0,275.0,55000.0,275.0,55000.0,15:15訊號翻正_平倉,4.0,800.0
2021-09-10 15:30:00,17469.0,LONG,15:15訊號進場,2021-09-13 15:30:00,17463.0,-6.0,2.0,4.0,-10.0,-2000.0,-10.0,-2000.0,15:15訊號翻正_平倉,4.0,800.0
2021-11-05 15:30:00,17253.0,LONG,15:15訊號進場,2021-11-10 15:30:00,17615.0,362.0,2.0,4.0,358.0,71600.0,358.0,71600.0,15:15訊號翻正_平倉,4.0,800.0
2021-11-17 15:30:00,17776.0,LONG,15:15訊號進場,2021-11-19 15:30:00,17836.0,60.0,2.0,4.0,56.0,11200.0,56.0,11200.0,15:15訊號翻正_平倉,4.0,800.0
2021-12-08 15:30:00,17857.0,LONG,15:15訊號進場,2021-12-10 15:30:00,17809.0,-48.0,2.0,4.0,-52.0,-10400.0,-52.0,-10400.0,15:15訊號翻正_平倉,4.0,800.0
2021-12-23 15:30:00,17959.0,LONG,15:15訊號進場,2022-01-07 15:30:00,18169.0,210.0,2.0,4.0,206.0,41200.0,206.0,41200.0,15:15訊號翻正_平倉,4.0,800.0
2022-01-10 15:30:00,18292.0,LONG,15:15訊號進場,2022-01-11 15:30:00,18261.0,-31.0,2.0,4.0,-35.0,-7000.0,-35.0,-7000.0,15:15訊號翻正_平倉,4.0,800.0
2022-01-13 15:30:00,18513.0,LONG,15:15訊號進場,2022-01-14 15:30:00,18409.0,-104.0,2.0,4.0,-108.0,-21600.0,-108.0,-21600.0,15:15訊號翻正_平倉,4.0,800.0
2022-01-17 15:30:00,18521.0,LONG,15:15訊號進場,2022-01-18 15:30:00,18381.0,-140.0,2.0,4.0,-144.0,-28800.0,-144.0,-28800.0,15:15訊號翻正_平倉,4.0,800.0
2022-02-09 15:30:00,18165.0,LONG,15:15訊號進場,2022-02-14 15:30:00,17971.0,-194.0,2.0,4.0,-198.0,-39600.0,-198.0,-39600.0,15:15訊號翻正_平倉,4.0,800.0
2022-02-16 15:30:00,18249.0,LONG,15:15訊號進場,2022-02-17 15:30:00,18242.0,-7.0,2.0,4.0,-11.0,-2200.0,-11.0,-2200.0,15:15訊號翻正_平倉,4.0,800.0
2022-03-10 15:30:00,17431.0,LONG,15:15訊號進場,2022-03-11 15:30:00,17292.0,-139.0,2.0,4.0,-143.0,-28600.0,-143.0,-28600.0,15:15訊號翻正_平倉,4.0,800.0
2022-03-16 15:30:00,16991.0,LONG,15:15訊號進場,2022-03-28 15:30:00,17487.0,496.0,2.0,4.0,492.0,98400.0,492.0,98400.0,15:15訊號翻正_平倉,4.0,800.0
2022-03-29 15:30:00,17578.0,LONG,15:15訊號進場,2022-03-31 15:30:00,17649.0,71.0,2.0,4.0,67.0,13400.0,67.0,13400.0,15:15訊號翻正_平倉,4.0,800.0
2022-04-01 15:30:00,17591.0,LONG,15:15訊號進場,2022-04-06 15:30:00,17502.0,-89.0,2.0,4.0,-93.0,-18600.0,-93.0,-18600.0,15:15訊號翻正_平倉,4.0,800.0
2022-04-13 15:30:00,17281.0,LONG,15:15訊號進場,2022-04-14 15:30:00,17316.0,35.0,2.0,4.0,31.0,6200.0,31.0,6200.0,15:15訊號翻正_平倉,4.0,800.0
2022-05-18 15:30:00,16198.0,LONG,15:15訊號進場,2022-05-19 15:30:00,15851.0,-347.0,2.0,4.0,-351.0,-70200.0,-351.0,-70200.0,15:15訊號翻正_平倉,4.0,800.0
2022-05-20 15:30:00,16158.0,LONG,15:15訊號進場,2022-05-23 15:30:00,16168.0,10.0,2.0,4.0,6.0,1200.0,6.0,1200.0,15:15訊號翻正_平倉,4.0,800.0
2022-05-27 15:30:00,16232.0,LONG,15:15訊號進場,2022-06-10 15:30:00,16433.0,201.0,2.0,4.0,197.0,39400.0,197.0,39400.0,15:15訊號翻正_平倉,4.0,800.0
2022-07-21 15:30:00,14733.0,LONG,15:15訊號進場,2022-07-22 15:30:00,14785.0,52.0,2.0,4.0,48.0,9600.0,48.0,9600.0,15:15訊號翻正_平倉,4.0,800.0
2022-07-25 15:30:00,14797.0,LONG,15:15訊號進場,2022-07-26 15:30:00,14721.0,-76.0,2.0,4.0,-80.0,-16000.0,-80.0,-16000.0,15:15訊號翻正_平倉,4.0,800.0
2022-07-27 15:30:00,14790.0,LONG,15:15訊號進場,2022-08-02 15:30:00,14637.0,-153.0,2.0,4.0,-157.0,-31400.0,-157.0,-31400.0,15:15訊號翻正_平倉,4.0,800.0
2022-08-04 15:30:00,14647.0,LONG,15:15訊號進場,2022-08-10 15:30:00,14883.0,236.0,2.0,4.0,232.0,46400.0,232.0,46400.0,15:15訊號翻正_平倉,4.0,800.0
2022-08-11 15:30:00,15228.0,LONG,15:15訊號進場,2022-08-17 13:15:00,15455.0,227.0,2.0,4.0,223.0,44600.0,223.0,44600.0,結算日13:15平倉,4.0,800.0
2022-08-17 15:30:00,15364.0,LONG,15:15訊號進場,2022-08-18 15:30:00,15298.0,-66.0,2.0,4.0,-70.0,-14000.0,-70.0,-14000.0,15:15訊號翻正_平倉,4.0,800.0
2022-08-19 15:30:00,15332.0,LONG,15:15訊號進場,2022-08-22 15:30:00,15166.0,-166.0,2.0,4.0,-170.0,-34000.0,-170.0,-34000.0,15:15訊號翻正_平倉,4.0,800.0
2022-08-31 15:30:00,15003.0,LONG,15:15訊號進場,2022-09-01 15:30:00,14696.0,-307.0,2.0,4.0,-311.0,-62200.0,-311.0,-62200.0,15:15訊號翻正_平倉,4.0,800.0
2022-11-02 15:30:00,13070.0,LONG,15:15訊號進場,2022-11-03 15:30:00,12926.0,-144.0,2.0,4.0,-148.0,-29600.0,-148.0,-29600.0,15:15訊號翻正_平倉,4.0,800.0
2022-11-04 15:30:00,13022.0,LONG,15:15訊號進場,2022-11-16 13:15:00,14500.0,1478.0,2.0,4.0,1474.0,294800.0,1474.0,294800.0,結算日13:15平倉,4.0,800.0
2022-11-16 15:30:00,14523.0,LONG,15:15訊號進場,2022-11-18 15:30:00,14480.0,-43.0,2.0,4.0,-47.0,-9400.0,-47.0,-9400.0,15:15訊號翻正_平倉,4.0,800.0
2022-11-22 15:30:00,14500.0,LONG,15:15訊號進場,2022-11-25 15:30:00,14701.0,201.0,2.0,4.0,197.0,39400.0,197.0,39400.0,15:15訊號翻正_平倉,4.0,800.0
2022-11-29 15:30:00,14645.0,LONG,15:15訊號進場,2022-12-02 15:30:00,14896.0,251.0,2.0,4.0,247.0,49400.0,247.0,49400.0,15:15訊號翻正_平倉,4.0,800.0
2022-12-07 15:30:00,14584.0,LONG,15:15訊號進場,2022-12-08 15:30:00,14522.0,-62.0,2.0,4.0,-66.0,-13200.0,-66.0,-13200.0,15:15訊號翻正_平倉,4.0,800.0
2022-12-09 15:30:00,14731.0,LONG,15:15訊號進場,2022-12-13 15:30:00,14528.0,-203.0,2.0,4.0,-207.0,-41400.0,-207.0,-41400.0,15:15訊號翻正_平倉,4.0,800.0
2022-12-14 15:30:00,14686.0,LONG,15:15訊號進場,2022-12-16 15:30:00,14485.0,-201.0,2.0,4.0,-205.0,-41000.0,-205.0,-41000.0,15:15訊號翻正_平倉,4.0,800.0
2022-12-19 15:30:00,14423.0,LONG,15:15訊號進場,2022-12-20 15:30:00,14176.0,-247.0,2.0,4.0,-251.0,-50200.0,-251.0,-50200.0,15:15訊號翻正_平倉,4.0,800.0
2022-12-21 15:30:00,14176.0,LONG,15:15訊號進場,2022-12-28 15:30:00,14144.0,-32.0,2.0,4.0,-36.0,-7200.0,-36.0,-7200.0,15:15訊號翻正_平倉,4.0,800.0
2022-12-30 15:30:00,14098.0,LONG,15:15訊號進場,2023-01-30 13:15:00,15446.0,1348.0,2.0,4.0,1344.0,268800.0,1344.0,268800.0,結算日13:15平倉,4.0,800.0
2023-01-30 15:30:00,15426.0,LONG,15:15訊號進場,2023-01-31 15:30:00,15296.0,-130.0,2.0,4.0,-134.0,-26800.0,-134.0,-26800.0,15:15訊號翻正_平倉,4.0,800.0
2023-02-01 15:30:00,15408.0,LONG,15:15訊號進場,2023-02-06 15:30:00,15402.0,-6.0,2.0,4.0,-10.0,-2000.0,-10.0,-2000.0,15:15訊號翻正_平倉,4.0,800.0
2023-02-07 15:30:00,15402.0,LONG,15:15訊號進場,2023-02-15 13:15:00,15397.0,-5.0,2.0,4.0,-9.0,-1800.0,-9.0,-1800.0,結算日13:15平倉,4.0,800.0
2023-02-16 15:30:00,15545.0,LONG,15:15訊號進場,2023-02-22 15:30:00,15381.0,-164.0,2.0,4.0,-168.0,-33600.0,-168.0,-33600.0,15:15訊號翻正_平倉,4.0,800.0
2023-02-23 15:30:00,15590.0,LONG,15:15訊號進場,2023-03-08 15:30:00,15783.0,193.0,2.0,4.0,189.0,37800.0,189.0,37800.0,15:15訊號翻正_平倉,4.0,800.0
2023-03-13 15:30:00,15514.0,LONG,15:15訊號進場,2023-03-14 15:30:00,15344.0,-170.0,2.0,4.0,-174.0,-34800.0,-174.0,-34800.0,15:15訊號翻正_平倉,4.0,800.0
2023-03-17 15:30:00,15405.0,LONG,15:15訊號進場,2023-03-20 15:30:00,15277.0,-128.0,2.0,4.0,-132.0,-26400.0,-132.0,-26400.0,15:15訊號翻正_平倉,4.0,800.0
2023-03-21 15:30:00,15472.0,LONG,15:15訊號進場,2023-03-28 15:30:00,15701.0,229.0,2.0,4.0,225.0,45000.0,225.0,45000.0,15:15訊號翻正_平倉,4.0,800.0
2023-03-29 15:30:00,15755.0,LONG,15:15訊號進場,2023-04-13 15:30:00,15842.0,87.0,2.0,4.0,83.0,16600.0,83.0,16600.0,15:15訊號翻正_平倉,4.0,800.0
2023-04-14 15:30:00,15957.0,LONG,15:15訊號進場,2023-04-18 15:30:00,15893.0,-64.0,2.0,4.0,-68.0,-13600.0,-68.0,-13600.0,15:15訊號翻正_平倉,4.0,800.0
2023-04-20 15:30:00,15739.0,LONG,15:15訊號進場,2023-04-21 15:30:00,15622.0,-117.0,2.0,4.0,-121.0,-24200.0,-121.0,-24200.0,15:15訊號翻正_平倉,4.0,800.0
2023-04-27 15:30:00,15432.0,LONG,15:15訊號進場,2023-05-10 15:30:00,15612.0,180.0,2.0,4.0,176.0,35200.0,176.0,35200.0,15:15訊號翻正_平倉,4.0,800.0
2023-05-12 15:30:00,15510.0,LONG,15:15訊號進場,2023-05-17 13:15:00,15950.0,440.0,2.0,4.0,436.0,87200.0,436.0,87200.0,結算日13:15平倉,4.0,800.0
2023-05-17 15:30:00,15868.0,LONG,15:15訊號進場,2023-05-24 15:30:00,16028.0,160.0,2.0,4.0,156.0,31200.0,156.0,31200.0,15:15訊號翻正_平倉,4.0,800.0
2023-05-25 15:30:00,16211.0,LONG,15:15訊號進場,2023-05-30 15:30:00,16587.0,376.0,2.0,4.0,372.0,74400.0,372.0,74400.0,15:15訊號翻正_平倉,4.0,800.0
2023-06-02 15:30:00,16730.0,LONG,15:15訊號進場,2023-06-05 15:30:00,16701.0,-29.0,2.0,4.0,-33.0,-6600.0,-33.0,-6600.0,15:15訊號翻正_平倉,4.0,800.0
2023-06-06 15:30:00,16753.0,LONG,15:15訊號進場,2023-06-08 15:30:00,16732.0,-21.0,2.0,4.0,-25.0,-5000.0,-25.0,-5000.0,15:15訊號翻正_平倉,4.0,800.0
2023-06-09 15:30:00,16860.0,LONG,15:15訊號進場,2023-06-14 15:30:00,17207.0,347.0,2.0,4.0,343.0,68600.0,343.0,68600.0,15:15訊號翻正_平倉,4.0,800.0
2023-06-15 15:30:00,17334.0,LONG,15:15訊號進場,2023-06-16 15:30:00,17265.0,-69.0,2.0,4.0,-73.0,-14600.0,-73.0,-14600.0,15:15訊號翻正_平倉,4.0,800.0
2023-06-19 15:30:00,17253.0,LONG,15:15訊號進場,2023-06-20 15:30:00,17198.0,-55.0,2.0,4.0,-59.0,-11800.0,-59.0,-11800.0,15:15訊號翻正_平倉,4.0,800.0
2023-07-03 15:30:00,17041.0,LONG,15:15訊號進場,2023-07-05 15:30:00,16958.0,-83.0,2.0,4.0,-87.0,-17400.0,-87.0,-17400.0,15:15訊號翻正_平倉,4.0,800.0
2023-07-10 15:30:00,16566.0,LONG,15:15訊號進場,2023-07-19 13:15:00,17101.0,535.0,2.0,4.0,531.0,106200.0,531.0,106200.0,結算日13:15平倉,4.0,800.0
2023-07-28 15:30:00,17310.0,LONG,15:15訊號進場,2023-07-31 15:30:00,17120.0,-190.0,2.0,4.0,-194.0,-38800.0,-194.0,-38800.0,15:15訊號翻正_平倉,4.0,800.0
2023-08-01 15:30:00,17180.0,LONG,15:15訊號進場,2023-08-02 15:30:00,16773.0,-407.0,2.0,4.0,-411.0,-82200.0,-411.0,-82200.0,15:15訊號翻正_平倉,4.0,800.0
2023-08-07 15:30:00,17024.0,LONG,15:15訊號進場,2023-08-08 15:30:00,16857.0,-167.0,2.0,4.0,-171.0,-34200.0,-171.0,-34200.0,15:15訊號翻正_平倉,4.0,800.0
2023-08-23 15:30:00,16575.0,LONG,15:15訊號進場,2023-08-24 15:30:00,16754.0,179.0,2.0,4.0,175.0,35000.0,175.0,35000.0,15:15訊號翻正_平倉,4.0,800.0
2023-09-04 15:30:00,16783.0,LONG,15:15訊號進場,2023-09-05 15:30:00,16725.0,-58.0,2.0,4.0,-62.0,-12400.0,-62.0,-12400.0,15:15訊號翻正_平倉,4.0,800.0
2023-09-14 15:30:00,16826.0,LONG,15:15訊號進場,2023-09-18 15:30:00,16692.0,-134.0,2.0,4.0,-138.0,-27600.0,-138.0,-27600.0,15:15訊號翻正_平倉,4.0,800.0
2023-10-06 15:30:00,16531.0,LONG,15:15訊號進場,2023-10-13 15:30:00,16779.0,248.0,2.0,4.0,244.0,48800.0,244.0,48800.0,15:15訊號翻正_平倉,4.0,800.0
2023-11-02 15:30:00,16386.0,LONG,15:15訊號進場,2023-11-15 13:15:00,17122.0,736.0,2.0,4.0,732.0,146400.0,732.0,146400.0,結算日13:15平倉,4.0,800.0
2023-11-15 15:30:00,17178.0,LONG,15:15訊號進場,2023-11-22 15:30:00,17239.0,61.0,2.0,4.0,57.0,11400.0,57.0,11400.0,15:15訊號翻正_平倉,4.0,800.0
2023-11-23 15:30:00,17352.0,LONG,15:15訊號進場,2023-11-27 15:30:00,17187.0,-165.0,2.0,4.0,-169.0,-33800.0,-169.0,-33800.0,15:15訊號翻正_平倉,4.0,800.0
2023-11-28 15:30:00,17346.0,LONG,15:15訊號進場,2023-12-04 15:30:00,17393.0,47.0,2.0,4.0,43.0,8600.0,43.0,8600.0,15:15訊號翻正_平倉,4.0,800.0
2023-12-14 15:30:00,17648.0,LONG,15:15訊號進場,2023-12-18 15:30:00,17641.0,-7.0,2.0,4.0,-11.0,-2200.0,-11.0,-2200.0,15:15訊號翻正_平倉,4.0,800.0
2023-12-20 15:30:00,17665.0,LONG,15:15訊號進場,2023-12-21 15:30:00,17522.0,-143.0,2.0,4.0,-147.0,-29400.0,-147.0,-29400.0,15:15訊號翻正_平倉,4.0,800.0
2023-12-26 15:30:00,17729.0,LONG,15:15訊號進場,2024-01-02 15:30:00,17808.0,79.0,2.0,4.0,75.0,15000.0,75.0,15000.0,15:15訊號翻正_平倉,4.0,800.0
2024-01-19 15:30:00,17707.0,LONG,15:15訊號進場,2024-02-21 13:15:00,18671.0,964.0,2.0,4.0,960.0,192000.0,960.0,192000.0,結算日13:15平倉,4.0,800.0
2024-02-22 15:30:00,18902.0,LONG,15:15訊號進場,2024-02-23 15:30:00,18916.0,14.0,2.0,4.0,10.0,2000.0,10.0,2000.0,15:15訊號翻正_平倉,4.0,800.0
2024-02-26 15:30:00,18972.0,LONG,15:15訊號進場,2024-02-27 15:30:00,18903.0,-69.0,2.0,4.0,-73.0,-14600.0,-73.0,-14600.0,15:15訊號翻正_平倉,4.0,800.0
2024-02-29 15:30:00,18953.0,LONG,15:15訊號進場,2024-03-15 15:30:00,19745.0,792.0,2.0,4.0,788.0,157600.0,788.0,157600.0,15:15訊號翻正_平倉,4.0,800.0
2024-03-18 15:30:00,19901.0,LONG,15:15訊號進場,2024-03-20 13:15:00,19748.0,-153.0,2.0,4.0,-157.0,-31400.0,-157.0,-31400.0,結算日13:15平倉,4.0,800.0
2024-03-21 15:30:00,20291.0,LONG,15:15訊號進場,2024-03-22 15:30:00,20199.0,-92.0,2.0,4.0,-96.0,-19200.0,-96.0,-19200.0,15:15訊號翻正_平倉,4.0,800.0
2024-03-27 15:30:00,20240.0,LONG,15:15訊號進場,2024-03-28 15:30:00,20186.0,-54.0,2.0,4.0,-58.0,-11600.0,-58.0,-11600.0,15:15訊號翻正_平倉,4.0,800.0
2024-03-29 15:30:00,20330.0,LONG,15:15訊號進場,2024-04-15 15:30:00,20492.0,162.0,2.0,4.0,158.0,31600.0,158.0,31600.0,15:15訊號翻正_平倉,4.0,800.0
2024-04-24 15:30:00,20089.0,LONG,15:15訊號進場,2024-04-25 15:30:00,19908.0,-181.0,2.0,4.0,-185.0,-37000.0,-185.0,-37000.0,15:15訊號翻正_平倉,4.0,800.0
2024-04-26 15:30:00,20154.0,LONG,15:15訊號進場,2024-05-02 15:30:00,20291.0,137.0,2.0,4.0,133.0,26600.0,133.0,26600.0,15:15訊號翻正_平倉,4.0,800.0
2024-05-06 15:30:00,20621.0,LONG,15:15訊號進場,2024-05-09 15:30:00,20606.0,-15.0,2.0,4.0,-19.0,-3800.0,-19.0,-3800.0,15:15訊號翻正_平倉,4.0,800.0
2024-05-10 15:30:00,20838.0,LONG,15:15訊號進場,2024-05-15 13:15:00,21144.0,306.0,2.0,4.0,302.0,60400.0,302.0,60400.0,結算日13:15平倉,4.0,800.0
2024-05-15 15:30:00,21281.0,LONG,15:15訊號進場,2024-05-16 15:30:00,21370.0,89.0,2.0,4.0,85.0,17000.0,85.0,17000.0,15:15訊號翻正_平倉,4.0,800.0
2024-05-22 15:30:00,21554.0,LONG,15:15訊號進場,2024-05-24 15:30:00,21572.0,18.0,2.0,4.0,14.0,2800.0,14.0,2800.0,15:15訊號翻正_平倉,4.0,800.0
2024-05-27 15:30:00,21866.0,LONG,15:15訊號進場,2024-05-29 15:30:00,21720.0,-146.0,2.0,4.0,-150.0,-30000.0,-150.0,-30000.0,15:15訊號翻正_平倉,4.0,800.0
2024-06-12 15:30:00,22033.0,LONG,15:15訊號進場,2024-06-17 15:30:00,22524.0,491.0,2.0,4.0,487.0,97400.0,487.0,97400.0,15:15訊號翻正_平倉,4.0,800.0
2024-06-18 15:30:00,22796.0,LONG,15:15訊號進場,2024-06-19 13:15:00,23231.0,435.0,2.0,4.0,431.0,86200.0,431.0,86200.0,結算日13:15平倉,4.0,800.0
2024-06-19 15:30:00,23172.0,LONG,15:15訊號進場,2024-06-21 15:30:00,23012.0,-160.0,2.0,4.0,-164.0,-32800.0,-164.0,-32800.0,15:15訊號翻正_平倉,4.0,800.0
2024-07-03 15:30:00,23221.0,LONG,15:15訊號進場,2024-07-17 13:15:00,23664.0,443.0,2.0,4.0,439.0,87800.0,439.0,87800.0,結算日13:15平倉,4.0,800.0
2024-07-31 15:30:00,22404.0,LONG,15:15訊號進場,2024-08-02 15:30:00,21369.0,-1035.0,2.0,4.0,-1039.0,-207800.0,-1039.0,-207800.0,15:15訊號翻正_平倉,4.0,800.0
2024-08-05 15:30:00,19502.0,LONG,15:15訊號進場,2024-08-21 13:15:00,22200.0,2698.0,2.0,4.0,2694.0,538800.0,2694.0,538800.0,結算日13:15平倉,4.0,800.0
2024-09-19 15:30:00,22094.0,LONG,15:15訊號進場,2024-09-27 15:30:00,22772.0,678.0,2.0,4.0,674.0,134800.0,674.0,134800.0,15:15訊號翻正_平倉,4.0,800.0
2024-10-11 15:30:00,22891.0,LONG,15:15訊號進場,2024-10-16 13:15:00,22985.0,94.0,2.0,4.0,90.0,18000.0,90.0,18000.0,結算日13:15平倉,4.0,800.0
2024-11-08 15:30:00,23784.0,LONG,15:15訊號進場,2024-11-11 15:30:00,23434.0,-350.0,2.0,4.0,-354.0,-70800.0,-354.0,-70800.0,15:15訊號翻正_平倉,4.0,800.0
2024-11-22 15:30:00,23087.0,LONG,15:15訊號進場,2024-11-25 15:30:00,22950.0,-137.0,2.0,4.0,-141.0,-28200.0,-141.0,-28200.0,15:15訊號翻正_平倉,4.0,800.0
2024-12-04 15:30:00,23258.0,LONG,15:15訊號進場,2024-12-09 15:30:00,23317.0,59.0,2.0,4.0,55.0,11000.0,55.0,11000.0,15:15訊號翻正_平倉,4.0,800.0
2024-12-23 15:30:00,23265.0,LONG,15:15訊號進場,2024-12-24 15:30:00,23270.0,5.0,2.0,4.0,1.0,200.0,1.0,200.0,15:15訊號翻正_平倉,4.0,800.0
2024-12-25 15:30:00,23335.0,LONG,15:15訊號進場,2024-12-26 15:30:00,23317.0,-18.0,2.0,4.0,-22.0,-4400.0,-22.0,-4400.0,15:15訊號翻正_平倉,4.0,800.0
2024-12-27 15:30:00,23348.0,LONG,15:15訊號進場,2024-12-30 15:30:00,23123.0,-225.0,2.0,4.0,-229.0,-45800.0,-229.0,-45800.0,15:15訊號翻正_平倉,4.0,800.0
2025-01-06 15:30:00,23691.0,LONG,15:15訊號進場,2025-01-08 15:30:00,23369.0,-322.0,2.0,4.0,-326.0,-65200.0,-326.0,-65200.0,15:15訊號翻正_平倉,4.0,800.0
2025-01-22 15:30:00,23696.0,LONG,15:15訊號進場,2025-02-03 15:30:00,22621.0,-1075.0,2.0,4.0,-1079.0,-215800.0,-1079.0,-215800.0,15:15訊號翻正_平倉,4.0,800.0
2025-02-17 15:30:00,23542.0,LONG,15:15訊號進場,2025-02-19 13:15:00,23608.0,66.0,2.0,4.0,62.0,12400.0,62.0,12400.0,結算日13:15平倉,4.0,800.0
2025-02-19 15:30:00,23642.0,LONG,15:15訊號進場,2025-02-20 15:30:00,23527.0,-115.0,2.0,4.0,-119.0,-23800.0,-119.0,-23800.0,15:15訊號翻正_平倉,4.0,800.0
2025-02-21 15:30:00,23770.0,LONG,15:15訊號進場,2025-02-25 15:30:00,23225.0,-545.0,2.0,4.0,-549.0,-109800.0,-549.0,-109800.0,15:15訊號翻正_平倉,4.0,800.0
2025-04-10 15:30:00,19425.0,LONG,15:15訊號進場,2025-04-14 15:30:00,19496.0,71.0,2.0,4.0,67.0,13400.0,67.0,13400.0,15:15訊號翻正_平倉,4.0,800.0
2025-04-15 15:30:00,19868.0,LONG,15:15訊號進場,2025-04-16 13:15:00,19550.0,-318.0,2.0,4.0,-322.0,-64400.0,-322.0,-64400.0,結算日13:15平倉,4.0,800.0
2025-04-23 15:30:00,19558.0,LONG,15:15訊號進場,2025-05-05 15:30:00,20375.0,817.0,2.0,4.0,813.0,162600.0,813.0,162600.0,15:15訊號翻正_平倉,4.0,800.0
2025-05-06 15:30:00,20311.0,LONG,15:15訊號進場,2025-05-21 13:15:00,21845.0,1534.0,2.0,4.0,1530.0,306000.0,1530.0,306000.0,結算日13:15平倉,4.0,800.0
2025-05-21 15:30:00,21673.0,LONG,15:15訊號進場,2025-05-26 15:30:00,21377.0,-296.0,2.0,4.0,-300.0,-60000.0,-300.0,-60000.0,15:15訊號翻正_平倉,4.0,800.0
2025-06-03 15:30:00,20980.0,LONG,15:15訊號進場,2025-06-18 13:15:00,22303.0,1323.0,2.0,4.0,1319.0,263800.0,1319.0,263800.0,結算日13:15平倉,4.0,800.0
2025-06-18 15:30:00,21943.0,LONG,15:15訊號進場,2025-06-19 15:30:00,21617.0,-326.0,2.0,4.0,-330.0,-66000.0,-330.0,-66000.0,15:15訊號翻正_平倉,4.0,800.0
2025-06-24 15:30:00,21979.0,LONG,15:15訊號進場,2025-06-27 15:30:00,22079.0,100.0,2.0,4.0,96.0,19200.0,96.0,19200.0,15:15訊號翻正_平倉,4.0,800.0
2025-06-30 15:30:00,22121.0,LONG,15:15訊號進場,2025-07-16 13:15:00,23054.0,933.0,2.0,4.0,929.0,185800.0,929.0,185800.0,結算日13:15平倉,4.0,800.0
2025-07-16 15:30:00,22872.0,LONG,15:15訊號進場,2025-08-20 13:15:00,23637.0,765.0,2.0,4.0,761.0,152200.0,761.0,152200.0,結算日13:15平倉,4.0,800.0
2025-08-21 15:30:00,23860.0,LONG,15:15訊號進場,2025-08-28 15:30:00,24297.0,437.0,2.0,4.0,433.0,86600.0,433.0,86600.0,15:15訊號翻正_平倉,4.0,800.0
2025-08-29 15:30:00,24236.0,LONG,15:15訊號進場,2025-09-01 15:30:00,24047.0,-189.0,2.0,4.0,-193.0,-38600.0,-193.0,-38600.0,15:15訊號翻正_平倉,4.0,800.0
2025-09-05 15:30:00,24410.0,LONG,15:15訊號進場,2025-09-17 13:15:00,25434.0,1024.0,2.0,4.0,1020.0,204000.0,1020.0,204000.0,結算日13:15平倉,4.0,800.0
2025-09-17 15:30:00,25533.0,LONG,15:15訊號進場,2025-09-24 15:30:00,26183.0,650.0,2.0,4.0,646.0,129200.0,646.0,129200.0,15:15訊號翻正_平倉,4.0,800.0
2025-10-02 15:30:00,26480.0,LONG,15:15訊號進場,2025-10-08 15:30:00,27071.0,591.0,2.0,4.0,587.0,117400.0,587.0,117400.0,15:15訊號翻正_平倉,4.0,800.0
2025-10-09 15:30:00,27375.0,LONG,15:15訊號進場,2025-10-13 15:30:00,26985.0,-390.0,2.0,4.0,-394.0,-78800.0,-394.0,-78800.0,15:15訊號翻正_平倉,4.0,800.0
2025-10-15 15:30:00,27390.0,LONG,15:15訊號進場,2025-10-17 15:30:00,27135.0,-255.0,2.0,4.0,-259.0,-51800.0,-259.0,-51800.0,15:15訊號翻正_平倉,4.0,800.0
2025-10-20 15:30:00,27852.0,LONG,15:15訊號進場,2025-10-28 15:30:00,28014.0,162.0,2.0,4.0,158.0,31600.0,158.0,31600.0,15:15訊號翻正_平倉,4.0,800.0
2025-10-29 15:30:00,28468.0,LONG,15:15訊號進場,2025-11-05 15:30:00,27794.0,-674.0,2.0,4.0,-678.0,-135600.0,-678.0,-135600.0,15:15訊號翻正_平倉,4.0,800.0
2025-11-17 15:30:00,27523.0,LONG,15:15訊號進場,2025-11-18 15:30:00,26803.0,-720.0,2.0,4.0,-724.0,-144800.0,-724.0,-144800.0,15:15訊號翻正_平倉,4.0,800.0
2025-11-27 15:30:00,27573.0,LONG,15:15訊號進場,2025-12-01 15:30:00,27446.0,-127.0,2.0,4.0,-131.0,-26200.0,-131.0,-26200.0,15:15訊號翻正_平倉,4.0,800.0
2025-12-05 15:30:00,28062.0,LONG,15:15訊號進場,2025-12-09 15:30:00,28224.0,162.0,2.0,4.0,158.0,31600.0,158.0,31600.0,15:15訊號翻正_平倉,4.0,800.0
2025-12-10 15:30:00,28411.0,LONG,15:15訊號進場,2025-12-11 15:30:00,28137.0,-274.0,2.0,4.0,-278.0,-55600.0,-278.0,-55600.0,15:15訊號翻正_平倉,4.0,800.0
2025-12-22 15:30:00,28345.0,LONG,15:15訊號進場,2026-01-21 13:15:00,31227.0,2882.0,2.0,4.0,2878.0,575600.0,2878.0,575600.0,結算日13:15平倉,4.0,800.0
2026-01-21 15:30:00,31576.0,LONG,15:15訊號進場,2026-01-29 15:30:00,32716.0,1140.0,2.0,4.0,1136.0,227200.0,1136.0,227200.0,15:15訊號翻正_平倉,4.0,800.0
2026-02-09 15:30:00,32565.0,LONG,15:15訊號進場,2026-02-23 13:15:00,33849.0,1284.0,2.0,4.0,1280.0,256000.0,1280.0,256000.0,結算日13:15平倉,4.0,800.0
2026-02-24 15:30:00,34933.0,LONG,15:15訊號進場,2026-02-27 00:00:00,35100.0,167.0,2.0,4.0,163.0,32600.0,163.0,32600.0,區間結束強制平倉,4.0,800.0
